date,hotel_name,price
2025-05-24,小樽グリーンホテル,8800
2025-05-25,小樽グリーンホテル,7300
2025-05-26,小樽グリーンホテル,6300
2025-05-27,小樽グリーンホテル,6800
2025-05-28,小樽グリーンホテル,6200
2025-05-29,小樽グリーンホテル,6800
2025-05-30,小樽グリーンホテル,7100
2025-05-31,小樽グリーンホテル,9100
2025-06-01,小樽グリーンホテル,6400
2025-06-02,小樽グリーンホテル,6900
2025-06-03,小樽グリーンホテル,5900
2025-06-04,小樽グリーンホテル,6200
2025-06-05,小樽グリーンホテル,6000
2025-06-06,小樽グリーンホテル,7400
2025-06-07,小樽グリーンホテル,8800
2025-06-08,小樽グリーンホテル,6600
2025-06-09,小樽グリーンホテル,6500
2025-06-10,小樽グリーンホテル,6700
2025-06-11,小樽グリーンホテル,7700
2025-06-12,小樽グリーンホテル,8200
2025-06-13,小樽グリーンホテル,7000
2025-06-14,小樽グリーンホテル,10600
2025-06-15,小樽グリーンホテル,7000
2025-06-16,小樽グリーンホテル,7100
2025-06-17,小樽グリーンホテル,7400
2025-06-18,小樽グリーンホテル,8200
2025-06-19,小樽グリーンホテル,8700
2025-06-20,小樽グリーンホテル,8900
2025-06-21,小樽グリーンホテル,10700
2025-06-22,小樽グリーンホテル,6900
2025-06-23,小樽グリーンホテル,6500
2025-06-24,小樽グリーンホテル,6500
2025-06-25,小樽グリーンホテル,7800
2025-06-26,小樽グリーンホテル,8300
2025-06-27,小樽グリーンホテル,7900
2025-06-28,小樽グリーンホテル,9100
2025-06-29,小樽グリーンホテル,7200
2025-06-30,小樽グリーンホテル,6700
2025-07-01,小樽グリーンホテル,6600
2025-07-02,小樽グリーンホテル,7400
2025-07-03,小樽グリーンホテル,7600
2025-07-04,小樽グリーンホテル,8400
2025-07-05,小樽グリーンホテル,11800
2025-07-06,小樽グリーンホテル,7700
2025-07-07,小樽グリーンホテル,6600
2025-07-08,小樽グリーンホテル,7800
2025-07-09,小樽グリーンホテル,6700
2025-07-10,小樽グリーンホテル,8300
2025-07-11,小樽グリーンホテル,8600
2025-07-12,小樽グリーンホテル,10500
2025-07-13,小樽グリーンホテル,9600
2025-07-14,小樽グリーンホテル,7200
2025-07-15,小樽グリーンホテル,7800
2025-07-16,小樽グリーンホテル,7000
2025-07-17,小樽グリーンホテル,9100
2025-07-18,小樽グリーンホテル,8700
2025-07-19,小樽グリーンホテル,15400
2025-07-20,小樽グリーンホテル,13000
2025-07-21,小樽グリーンホテル,5900
2025-07-22,小樽グリーンホテル,6400
2025-07-23,小樽グリーンホテル,6700
2025-07-24,小樽グリーンホテル,7800
2025-07-25,小樽グリーンホテル,11000
2025-07-26,小樽グリーンホテル,14800
2025-07-27,小樽グリーンホテル,13300
2025-07-28,小樽グリーンホテル,7300
2025-07-29,小樽グリーンホテル,10300
2025-07-30,小樽グリーンホテル,9800
2025-07-31,小樽グリーンホテル,9500
2025-08-01,小樽グリーンホテル,9700
2025-08-02,小樽グリーンホテル,10000
2025-08-03,小樽グリーンホテル,7300
2025-08-04,小樽グリーンホテル,7400
2025-08-05,小樽グリーンホテル,7000
2025-08-06,小樽グリーンホテル,7200
2025-08-07,小樽グリーンホテル,8900
2025-08-08,小樽グリーンホテル,9900
2025-08-09,小樽グリーンホテル,12200
2025-08-10,小樽グリーンホテル,11900
2025-08-11,小樽グリーンホテル,11000
2025-08-12,小樽グリーンホテル,10600
2025-08-13,小樽グリーンホテル,11400
2025-08-14,小樽グリーンホテル,10000
2025-08-15,小樽グリーンホテル,7800
2025-08-16,小樽グリーンホテル,9100
2025-08-17,小樽グリーンホテル,6200
2025-08-18,小樽グリーンホテル,5700
2025-08-19,小樽グリーンホテル,6400
2025-08-20,小樽グリーンホテル,7100
2025-08-21,小樽グリーンホテル,6700
2025-08-22,小樽グリーンホテル,9000
2025-08-23,小樽グリーンホテル,11300
2025-08-24,小樽グリーンホテル,7000
2025-08-25,小樽グリーンホテル,7200
2025-08-26,小樽グリーンホテル,6400
2025-08-27,小樽グリーンホテル,7200
2025-08-28,小樽グリーンホテル,7300
2025-08-29,小樽グリーンホテル,10000
2025-08-30,小樽グリーンホテル,12900
2025-08-31,小樽グリーンホテル,6300
2025-09-01,小樽グリーンホテル,6300
2025-09-02,小樽グリーンホテル,6200
2025-09-03,小樽グリーンホテル,6300
2025-09-04,小樽グリーンホテル,7000
2025-09-05,小樽グリーンホテル,8900
2025-09-06,小樽グリーンホテル,9500
2025-09-07,小樽グリーンホテル,7100
2025-09-08,小樽グリーンホテル,6800
2025-09-09,小樽グリーンホテル,6800
2025-09-10,小樽グリーンホテル,9100
2025-09-11,小樽グリーンホテル,9300
2025-09-12,小樽グリーンホテル,8400
2025-09-13,小樽グリーンホテル,12300
2025-09-14,小樽グリーンホテル,11700
2025-09-15,小樽グリーンホテル,7500
2025-09-16,小樽グリーンホテル,6700
2025-09-17,小樽グリーンホテル,6300
2025-09-18,小樽グリーンホテル,6300
2025-09-19,小樽グリーンホテル,7000
2025-09-20,小樽グリーンホテル,11700
2025-09-21,小樽グリーンホテル,9300
2025-09-22,小樽グリーンホテル,6600
2025-09-23,小樽グリーンホテル,6300
2025-09-24,小樽グリーンホテル,5800
2025-09-25,小樽グリーンホテル,5800
2025-09-26,小樽グリーンホテル,8148
2025-09-27,小樽グリーンホテル,7300
2025-09-28,小樽グリーンホテル,6500
2025-09-29,小樽グリーンホテル,6800
2025-09-30,小樽グリーンホテル,7000
2025-10-01,小樽グリーンホテル,6200
2025-10-02,小樽グリーンホテル,7600
2025-10-03,小樽グリーンホテル,8300
2025-10-04,小樽グリーンホテル,8100
2025-10-05,小樽グリーンホテル,6600
2025-10-06,小樽グリーンホテル,6400
2025-10-07,小樽グリーンホテル,6400
2025-10-08,小樽グリーンホテル,6200
2025-10-09,小樽グリーンホテル,6800
2025-10-10,小樽グリーンホテル,8000
2025-10-11,小樽グリーンホテル,9800
2025-10-12,小樽グリーンホテル,10000
2025-10-13,小樽グリーンホテル,6300
2025-10-14,小樽グリーンホテル,6200
2025-10-15,小樽グリーンホテル,6100
2025-10-16,小樽グリーンホテル,6400
2025-10-17,小樽グリーンホテル,6500
2025-10-18,小樽グリーンホテル,8100
2025-10-19,小樽グリーンホテル,6200
2025-10-20,小樽グリーンホテル,6500
2025-10-21,小樽グリーンホテル,6100
2025-10-22,小樽グリーンホテル,7200
2025-10-23,小樽グリーンホテル,6600
2025-10-24,小樽グリーンホテル,6900
2025-10-25,小樽グリーンホテル,9300
2025-10-26,小樽グリーンホテル,6200
2025-10-27,小樽グリーンホテル,6200
2025-10-28,小樽グリーンホテル,6000
2025-10-29,小樽グリーンホテル,6000
2025-10-30,小樽グリーンホテル,5900
2025-10-31,小樽グリーンホテル,7566
2025-11-01,小樽グリーンホテル,8100
2025-11-02,小樽グリーンホテル,8400
2025-11-03,小樽グリーンホテル,6100
2025-11-04,小樽グリーンホテル,6100
2025-11-05,小樽グリーンホテル,6200
2025-11-06,小樽グリーンホテル,6200
2025-11-07,小樽グリーンホテル,6700
2025-11-08,小樽グリーンホテル,7500
2025-11-09,小樽グリーンホテル,6000
2025-11-10,小樽グリーンホテル,6200
2025-11-11,小樽グリーンホテル,6200
2025-11-12,小樽グリーンホテル,6100
2025-11-13,小樽グリーンホテル,6300
2025-11-14,小樽グリーンホテル,6800
2025-11-15,小樽グリーンホテル,7900
2025-11-16,小樽グリーンホテル,6100
2025-11-17,小樽グリーンホテル,6300
2025-11-18,小樽グリーンホテル,6200
2025-11-19,小樽グリーンホテル,6400
2025-05-24,ドーミーインPREMIUM小樽,6500
2025-05-25,ドーミーインPREMIUM小樽,6500
2025-05-26,ドーミーインPREMIUM小樽,6500
2025-05-27,ドーミーインPREMIUM小樽,6500
2025-05-28,ドーミーインPREMIUM小樽,6500
2025-05-29,ドーミーインPREMIUM小樽,6500
2025-05-30,ドーミーインPREMIUM小樽,6500
2025-05-31,ドーミーインPREMIUM小樽,8500
2025-06-01,ドーミーインPREMIUM小樽,6500
2025-06-02,ドーミーインPREMIUM小樽,6500
2025-06-03,ドーミーインPREMIUM小樽,6500
2025-06-04,ドーミーインPREMIUM小樽,6500
2025-06-05,ドーミーインPREMIUM小樽,6500
2025-06-06,ドーミーインPREMIUM小樽,8500
2025-06-07,ドーミーインPREMIUM小樽,20400
2025-06-08,ドーミーインPREMIUM小樽,7500
2025-06-09,ドーミーインPREMIUM小樽,6500
2025-06-10,ドーミーインPREMIUM小樽,6500
2025-06-11,ドーミーインPREMIUM小樽,6500
2025-06-12,ドーミーインPREMIUM小樽,6500
2025-06-13,ドーミーインPREMIUM小樽,8500
2025-06-14,ドーミーインPREMIUM小樽,23400
2025-06-15,ドーミーインPREMIUM小樽,6500
2025-06-16,ドーミーインPREMIUM小樽,6500
2025-06-17,ドーミーインPREMIUM小樽,6500
2025-06-18,ドーミーインPREMIUM小樽,6500
2025-06-19,ドーミーインPREMIUM小樽,6500
2025-06-20,ドーミーインPREMIUM小樽,9500
2025-06-21,ドーミーインPREMIUM小樽,26400
2025-06-22,ドーミーインPREMIUM小樽,6500
2025-06-23,ドーミーインPREMIUM小樽,6500
2025-06-24,ドーミーインPREMIUM小樽,6500
2025-06-25,ドーミーインPREMIUM小樽,6500
2025-06-26,ドーミーインPREMIUM小樽,6500
2025-06-27,ドーミーインPREMIUM小樽,8500
2025-06-28,ドーミーインPREMIUM小樽,9500
2025-06-29,ドーミーインPREMIUM小樽,6500
2025-06-30,ドーミーインPREMIUM小樽,6500
2025-07-01,ドーミーインPREMIUM小樽,8500
2025-07-02,ドーミーインPREMIUM小樽,8500
2025-07-03,ドーミーインPREMIUM小樽,8500
2025-07-04,ドーミーインPREMIUM小樽,9500
2025-07-05,ドーミーインPREMIUM小樽,10500
2025-07-06,ドーミーインPREMIUM小樽,8500
2025-07-07,ドーミーインPREMIUM小樽,8500
2025-07-08,ドーミーインPREMIUM小樽,8500
2025-07-09,ドーミーインPREMIUM小樽,8500
2025-07-10,ドーミーインPREMIUM小樽,8500
2025-07-11,ドーミーインPREMIUM小樽,9500
2025-07-12,ドーミーインPREMIUM小樽,9500
2025-07-13,ドーミーインPREMIUM小樽,8500
2025-07-14,ドーミーインPREMIUM小樽,8500
2025-07-15,ドーミーインPREMIUM小樽,8500
2025-07-16,ドーミーインPREMIUM小樽,8500
2025-07-17,ドーミーインPREMIUM小樽,8500
2025-07-18,ドーミーインPREMIUM小樽,9500
2025-07-19,ドーミーインPREMIUM小樽,12500
2025-07-20,ドーミーインPREMIUM小樽,10500
2025-07-21,ドーミーインPREMIUM小樽,8500
2025-07-22,ドーミーインPREMIUM小樽,8500
2025-07-23,ドーミーインPREMIUM小樽,8500
2025-07-24,ドーミーインPREMIUM小樽,8500
2025-07-25,ドーミーインPREMIUM小樽,9500
2025-07-26,ドーミーインPREMIUM小樽,10500
2025-07-27,ドーミーインPREMIUM小樽,10500
2025-07-28,ドーミーインPREMIUM小樽,8500
2025-07-29,ドーミーインPREMIUM小樽,8500
2025-07-30,ドーミーインPREMIUM小樽,8500
2025-07-31,ドーミーインPREMIUM小樽,8500
2025-08-01,ドーミーインPREMIUM小樽,9500
2025-08-02,ドーミーインPREMIUM小樽,9500
2025-08-03,ドーミーインPREMIUM小樽,8500
2025-08-04,ドーミーインPREMIUM小樽,8500
2025-08-05,ドーミーインPREMIUM小樽,8500
2025-08-06,ドーミーインPREMIUM小樽,8500
2025-08-07,ドーミーインPREMIUM小樽,8500
2025-08-08,ドーミーインPREMIUM小樽,9500
2025-08-09,ドーミーインPREMIUM小樽,10500
2025-08-10,ドーミーインPREMIUM小樽,12500
2025-08-11,ドーミーインPREMIUM小樽,12500
2025-08-12,ドーミーインPREMIUM小樽,10500
2025-08-13,ドーミーインPREMIUM小樽,10500
2025-08-14,ドーミーインPREMIUM小樽,10500
2025-08-15,ドーミーインPREMIUM小樽,10500
2025-08-16,ドーミーインPREMIUM小樽,9500
2025-08-17,ドーミーインPREMIUM小樽,8500
2025-08-18,ドーミーインPREMIUM小樽,8500
2025-08-19,ドーミーインPREMIUM小樽,8500
2025-08-20,ドーミーインPREMIUM小樽,8500
2025-08-21,ドーミーインPREMIUM小樽,8500
2025-08-22,ドーミーインPREMIUM小樽,8500
2025-08-23,ドーミーインPREMIUM小樽,9500
2025-08-24,ドーミーインPREMIUM小樽,8500
2025-08-25,ドーミーインPREMIUM小樽,8500
2025-08-26,ドーミーインPREMIUM小樽,8500
2025-08-27,ドーミーインPREMIUM小樽,8500
2025-08-28,ドーミーインPREMIUM小樽,8500
2025-08-29,ドーミーインPREMIUM小樽,8500
2025-08-30,ドーミーインPREMIUM小樽,9500
2025-08-31,ドーミーインPREMIUM小樽,8500
2025-09-01,ドーミーインPREMIUM小樽,8500
2025-09-02,ドーミーインPREMIUM小樽,8500
2025-09-03,ドーミーインPREMIUM小樽,8500
2025-09-04,ドーミーインPREMIUM小樽,8500
2025-09-05,ドーミーインPREMIUM小樽,9500
2025-09-06,ドーミーインPREMIUM小樽,12500
2025-09-07,ドーミーインPREMIUM小樽,8500
2025-09-08,ドーミーインPREMIUM小樽,8500
2025-09-09,ドーミーインPREMIUM小樽,8500
2025-09-10,ドーミーインPREMIUM小樽,8500
2025-09-11,ドーミーインPREMIUM小樽,8500
2025-09-12,ドーミーインPREMIUM小樽,8500
2025-09-13,ドーミーインPREMIUM小樽,9500
2025-09-14,ドーミーインPREMIUM小樽,9500
2025-09-15,ドーミーインPREMIUM小樽,8500
2025-09-16,ドーミーインPREMIUM小樽,8500
2025-09-17,ドーミーインPREMIUM小樽,8500
2025-09-18,ドーミーインPREMIUM小樽,8500
2025-09-19,ドーミーインPREMIUM小樽,8500
2025-09-20,ドーミーインPREMIUM小樽,8500
2025-09-21,ドーミーインPREMIUM小樽,8500
2025-09-22,ドーミーインPREMIUM小樽,8500
2025-09-23,ドーミーインPREMIUM小樽,7500
2025-09-24,ドーミーインPREMIUM小樽,7500
2025-09-25,ドーミーインPREMIUM小樽,7500
2025-09-26,ドーミーインPREMIUM小樽,8500
2025-09-27,ドーミーインPREMIUM小樽,9500
2025-09-28,ドーミーインPREMIUM小樽,7500
2025-09-29,ドーミーインPREMIUM小樽,7500
2025-09-30,ドーミーインPREMIUM小樽,7500
2025-10-01,ドーミーインPREMIUM小樽,7500
2025-10-02,ドーミーインPREMIUM小樽,7500
2025-10-03,ドーミーインPREMIUM小樽,7500
2025-10-04,ドーミーインPREMIUM小樽,9500
2025-10-05,ドーミーインPREMIUM小樽,7500
2025-10-06,ドーミーインPREMIUM小樽,7500
2025-10-07,ドーミーインPREMIUM小樽,7500
2025-10-08,ドーミーインPREMIUM小樽,7500
2025-10-09,ドーミーインPREMIUM小樽,7500
2025-10-10,ドーミーインPREMIUM小樽,8500
2025-10-11,ドーミーインPREMIUM小樽,9500
2025-10-12,ドーミーインPREMIUM小樽,9500
2025-10-13,ドーミーインPREMIUM小樽,8500
2025-10-14,ドーミーインPREMIUM小樽,7500
2025-10-15,ドーミーインPREMIUM小樽,7500
2025-10-16,ドーミーインPREMIUM小樽,7500
2025-10-17,ドーミーインPREMIUM小樽,7500
2025-10-18,ドーミーインPREMIUM小樽,8500
2025-10-19,ドーミーインPREMIUM小樽,7500
2025-10-20,ドーミーインPREMIUM小樽,7500
2025-10-21,ドーミーインPREMIUM小樽,7500
2025-10-22,ドーミーインPREMIUM小樽,7500
2025-10-23,ドーミーインPREMIUM小樽,7500
2025-10-24,ドーミーインPREMIUM小樽,7500
2025-10-25,ドーミーインPREMIUM小樽,8500
2025-10-26,ドーミーインPREMIUM小樽,7500
2025-10-27,ドーミーインPREMIUM小樽,7500
2025-10-28,ドーミーインPREMIUM小樽,7500
2025-10-29,ドーミーインPREMIUM小樽,7500
2025-10-30,ドーミーインPREMIUM小樽,7500
2025-10-31,ドーミーインPREMIUM小樽,8500
2025-11-01,ドーミーインPREMIUM小樽,8500
2025-11-02,ドーミーインPREMIUM小樽,12500
2025-11-03,ドーミーインPREMIUM小樽,10500
2025-11-04,ドーミーインPREMIUM小樽,7500
2025-11-05,ドーミーインPREMIUM小樽,7500
2025-11-06,ドーミーインPREMIUM小樽,7500
2025-11-07,ドーミーインPREMIUM小樽,7500
2025-11-08,ドーミーインPREMIUM小樽,8500
2025-11-09,ドーミーインPREMIUM小樽,7500
2025-11-10,ドーミーインPREMIUM小樽,7500
2025-11-11,ドーミーインPREMIUM小樽,7500
2025-11-12,ドーミーインPREMIUM小樽,7500
2025-11-13,ドーミーインPREMIUM小樽,7500
2025-11-14,ドーミーインPREMIUM小樽,7500
2025-11-15,ドーミーインPREMIUM小樽,7500
2025-11-16,ドーミーインPREMIUM小樽,7500
2025-11-17,ドーミーインPREMIUM小樽,7500
2025-11-18,ドーミーインPREMIUM小樽,7500
2025-11-19,ドーミーインPREMIUM小樽,7500
2025-05-24,ビジネスホテル大幸,5600
2025-05-25,ビジネスホテル大幸,
2025-05-26,ビジネスホテル大幸,
2025-05-27,ビジネスホテル大幸,
2025-05-28,ビジネスホテル大幸,
2025-05-29,ビジネスホテル大幸,
2025-05-30,ビジネスホテル大幸,
2025-05-31,ビジネスホテル大幸,5600
2025-06-01,ビジネスホテル大幸,
2025-06-02,ビジネスホテル大幸,
2025-06-03,ビジネスホテル大幸,
2025-06-04,ビジネスホテル大幸,
2025-06-05,ビジネスホテル大幸,
2025-06-06,ビジネスホテル大幸,
2025-06-07,ビジネスホテル大幸,5900
2025-06-08,ビジネスホテル大幸,
2025-06-09,ビジネスホテル大幸,
2025-06-10,ビジネスホテル大幸,
2025-06-11,ビジネスホテル大幸,
2025-06-12,ビジネスホテル大幸,
2025-06-13,ビジネスホテル大幸,
2025-06-14,ビジネスホテル大幸,
2025-06-15,ビジネスホテル大幸,5300
2025-06-16,ビジネスホテル大幸,
2025-06-17,ビジネスホテル大幸,
2025-06-18,ビジネスホテル大幸,
2025-06-19,ビジネスホテル大幸,5700
2025-06-20,ビジネスホテル大幸,
2025-06-21,ビジネスホテル大幸,
2025-06-22,ビジネスホテル大幸,
2025-06-23,ビジネスホテル大幸,5500
2025-06-24,ビジネスホテル大幸,
2025-06-25,ビジネスホテル大幸,
2025-06-26,ビジネスホテル大幸,
2025-06-27,ビジネスホテル大幸,
2025-06-28,ビジネスホテル大幸,5600
2025-06-29,ビジネスホテル大幸,
2025-06-30,ビジネスホテル大幸,
2025-07-01,ビジネスホテル大幸,5600
2025-07-02,ビジネスホテル大幸,5600
2025-07-03,ビジネスホテル大幸,5600
2025-07-04,ビジネスホテル大幸,5600
2025-07-05,ビジネスホテル大幸,
2025-07-06,ビジネスホテル大幸,
2025-07-07,ビジネスホテル大幸,5600
2025-07-08,ビジネスホテル大幸,5600
2025-07-09,ビジネスホテル大幸,5600
2025-07-10,ビジネスホテル大幸,5600
2025-07-11,ビジネスホテル大幸,5600
2025-07-12,ビジネスホテル大幸,6200
2025-07-13,ビジネスホテル大幸,
2025-07-14,ビジネスホテル大幸,5600
2025-07-15,ビジネスホテル大幸,5600
2025-07-16,ビジネスホテル大幸,5600
2025-07-17,ビジネスホテル大幸,5600
2025-07-18,ビジネスホテル大幸,5600
2025-07-19,ビジネスホテル大幸,
2025-07-20,ビジネスホテル大幸,5900
2025-07-21,ビジネスホテル大幸,5600
2025-07-22,ビジネスホテル大幸,5600
2025-07-23,ビジネスホテル大幸,5600
2025-07-24,ビジネスホテル大幸,5600
2025-07-25,ビジネスホテル大幸,5600
2025-07-26,ビジネスホテル大幸,
2025-07-27,ビジネスホテル大幸,
2025-07-28,ビジネスホテル大幸,5600
2025-07-29,ビジネスホテル大幸,5600
2025-07-30,ビジネスホテル大幸,5600
2025-07-31,ビジネスホテル大幸,5600
2025-08-01,ビジネスホテル大幸,5600
2025-08-02,ビジネスホテル大幸,5900
2025-08-03,ビジネスホテル大幸,
2025-08-04,ビジネスホテル大幸,5600
2025-08-05,ビジネスホテル大幸,5600
2025-08-06,ビジネスホテル大幸,5600
2025-08-07,ビジネスホテル大幸,5600
2025-08-08,ビジネスホテル大幸,
2025-08-09,ビジネスホテル大幸,
2025-08-10,ビジネスホテル大幸,
2025-08-11,ビジネスホテル大幸,6200
2025-08-12,ビジネスホテル大幸,5900
2025-08-13,ビジネスホテル大幸,5900
2025-08-14,ビジネスホテル大幸,5900
2025-08-15,ビジネスホテル大幸,5600
2025-08-16,ビジネスホテル大幸,5900
2025-08-17,ビジネスホテル大幸,
2025-08-18,ビジネスホテル大幸,5600
2025-08-19,ビジネスホテル大幸,5600
2025-08-20,ビジネスホテル大幸,5600
2025-08-21,ビジネスホテル大幸,5600
2025-08-22,ビジネスホテル大幸,5600
2025-08-23,ビジネスホテル大幸,5900
2025-08-24,ビジネスホテル大幸,
2025-08-25,ビジネスホテル大幸,5600
2025-08-26,ビジネスホテル大幸,5600
2025-08-27,ビジネスホテル大幸,5600
2025-08-28,ビジネスホテル大幸,5600
2025-08-29,ビジネスホテル大幸,5600
2025-08-30,ビジネスホテル大幸,
2025-08-31,ビジネスホテル大幸,5600
2025-09-01,ビジネスホテル大幸,5600
2025-09-02,ビジネスホテル大幸,5600
2025-09-03,ビジネスホテル大幸,5600
2025-09-04,ビジネスホテル大幸,5600
2025-09-05,ビジネスホテル大幸,5600
2025-09-06,ビジネスホテル大幸,5900
2025-09-07,ビジネスホテル大幸,
2025-09-08,ビジネスホテル大幸,5600
2025-09-09,ビジネスホテル大幸,5600
2025-09-10,ビジネスホテル大幸,5600
2025-09-11,ビジネスホテル大幸,5600
2025-09-12,ビジネスホテル大幸,5600
2025-09-13,ビジネスホテル大幸,
2025-09-14,ビジネスホテル大幸,
2025-09-15,ビジネスホテル大幸,5600
2025-09-16,ビジネスホテル大幸,5600
2025-09-17,ビジネスホテル大幸,5600
2025-09-18,ビジネスホテル大幸,5600
2025-09-19,ビジネスホテル大幸,5600
2025-09-20,ビジネスホテル大幸,
2025-09-21,ビジネスホテル大幸,
2025-09-22,ビジネスホテル大幸,5900
2025-09-23,ビジネスホテル大幸,5600
2025-09-24,ビジネスホテル大幸,5600
2025-09-25,ビジネスホテル大幸,5600
2025-09-26,ビジネスホテル大幸,5600
2025-09-27,ビジネスホテル大幸,5900
2025-09-28,ビジネスホテル大幸,
2025-09-29,ビジネスホテル大幸,5600
2025-09-30,ビジネスホテル大幸,5600
2025-10-01,ビジネスホテル大幸,5600
2025-10-02,ビジネスホテル大幸,5600
2025-10-03,ビジネスホテル大幸,5600
2025-10-04,ビジネスホテル大幸,5900
2025-10-05,ビジネスホテル大幸,5600
2025-10-06,ビジネスホテル大幸,5600
2025-10-07,ビジネスホテル大幸,5600
2025-10-08,ビジネスホテル大幸,5600
2025-10-09,ビジネスホテル大幸,5600
2025-10-10,ビジネスホテル大幸,5600
2025-10-11,ビジネスホテル大幸,5900
2025-10-12,ビジネスホテル大幸,5900
2025-10-13,ビジネスホテル大幸,
2025-10-14,ビジネスホテル大幸,
2025-10-15,ビジネスホテル大幸,
2025-10-16,ビジネスホテル大幸,5600
2025-10-17,ビジネスホテル大幸,5600
2025-10-18,ビジネスホテル大幸,
2025-10-19,ビジネスホテル大幸,
2025-10-20,ビジネスホテル大幸,
2025-10-21,ビジネスホテル大幸,5600
2025-10-22,ビジネスホテル大幸,5600
2025-10-23,ビジネスホテル大幸,5600
2025-10-24,ビジネスホテル大幸,5600
2025-10-25,ビジネスホテル大幸,5900
2025-10-26,ビジネスホテル大幸,5600
2025-10-27,ビジネスホテル大幸,5600
2025-10-28,ビジネスホテル大幸,5600
2025-10-29,ビジネスホテル大幸,5600
2025-10-30,ビジネスホテル大幸,5600
2025-10-31,ビジネスホテル大幸,5600
2025-11-01,ビジネスホテル大幸,5600
2025-11-02,ビジネスホテル大幸,5600
2025-11-03,ビジネスホテル大幸,5300
2025-11-04,ビジネスホテル大幸,5300
2025-11-05,ビジネスホテル大幸,5300
2025-11-06,ビジネスホテル大幸,5300
2025-11-07,ビジネスホテル大幸,5300
2025-11-08,ビジネスホテル大幸,5600
2025-11-09,ビジネスホテル大幸,5300
2025-11-10,ビジネスホテル大幸,5300
2025-11-11,ビジネスホテル大幸,5300
2025-11-12,ビジネスホテル大幸,5300
2025-11-13,ビジネスホテル大幸,5300
2025-11-14,ビジネスホテル大幸,5300
2025-11-15,ビジネスホテル大幸,5600
2025-11-16,ビジネスホテル大幸,5300
2025-11-17,ビジネスホテル大幸,5300
2025-11-18,ビジネスホテル大幸,5300
2025-11-19,ビジネスホテル大幸,5300
2025-05-24,はなえみ,
2025-05-25,はなえみ,
2025-05-26,はなえみ,6600
2025-05-27,はなえみ,6600
2025-05-28,はなえみ,6600
2025-05-29,はなえみ,6600
2025-05-30,はなえみ,8800
2025-05-31,はなえみ,8800
2025-06-01,はなえみ,7800
2025-06-02,はなえみ,7800
2025-06-03,はなえみ,7800
2025-06-04,はなえみ,7800
2025-06-05,はなえみ,7800
2025-06-06,はなえみ,7800
2025-06-07,はなえみ,8800
2025-06-08,はなえみ,7800
2025-06-09,はなえみ,7800
2025-06-10,はなえみ,7800
2025-06-11,はなえみ,7800
2025-06-12,はなえみ,7800
2025-06-13,はなえみ,7800
2025-06-14,はなえみ,13000
2025-06-15,はなえみ,7800
2025-06-16,はなえみ,7800
2025-06-17,はなえみ,7800
2025-06-18,はなえみ,7800
2025-06-19,はなえみ,7800
2025-06-20,はなえみ,13000
2025-06-21,はなえみ,13000
2025-06-22,はなえみ,7800
2025-06-23,はなえみ,7800
2025-06-24,はなえみ,7800
2025-06-25,はなえみ,7800
2025-06-26,はなえみ,7800
2025-06-27,はなえみ,7800
2025-06-28,はなえみ,13000
2025-06-29,はなえみ,7800
2025-06-30,はなえみ,7800
2025-07-01,はなえみ,8800
2025-07-02,はなえみ,8800
2025-07-03,はなえみ,8800
2025-07-04,はなえみ,9900
2025-07-05,はなえみ,13000
2025-07-06,はなえみ,8800
2025-07-07,はなえみ,8800
2025-07-08,はなえみ,8800
2025-07-09,はなえみ,8800
2025-07-10,はなえみ,8800
2025-07-11,はなえみ,9900
2025-07-12,はなえみ,13000
2025-07-13,はなえみ,8800
2025-07-14,はなえみ,8800
2025-07-15,はなえみ,8800
2025-07-16,はなえみ,8800
2025-07-17,はなえみ,8800
2025-07-18,はなえみ,13000
2025-07-19,はなえみ,
2025-07-20,はなえみ,
2025-07-21,はなえみ,
2025-07-22,はなえみ,8800
2025-07-23,はなえみ,8800
2025-07-24,はなえみ,7240
2025-07-25,はなえみ,10400
2025-07-26,はなえみ,10400
2025-07-27,はなえみ,8240
2025-07-28,はなえみ,7240
2025-07-29,はなえみ,7240
2025-07-30,はなえみ,7240
2025-07-31,はなえみ,7240
2025-08-01,はなえみ,9900
2025-08-02,はなえみ,9900
2025-08-03,はなえみ,8800
2025-08-04,はなえみ,8800
2025-08-05,はなえみ,8800
2025-08-06,はなえみ,8800
2025-08-07,はなえみ,8800
2025-08-08,はなえみ,9900
2025-08-09,はなえみ,13000
2025-08-10,はなえみ,13000
2025-08-11,はなえみ,13000
2025-08-12,はなえみ,13000
2025-08-13,はなえみ,13000
2025-08-14,はなえみ,13000
2025-08-15,はなえみ,13000
2025-08-16,はなえみ,13000
2025-08-17,はなえみ,8800
2025-08-18,はなえみ,8800
2025-08-19,はなえみ,8800
2025-08-20,はなえみ,8800
2025-08-21,はなえみ,8800
2025-08-22,はなえみ,9900
2025-08-23,はなえみ,9900
2025-08-24,はなえみ,8800
2025-08-25,はなえみ,8800
2025-08-26,はなえみ,8800
2025-08-27,はなえみ,8800
2025-08-28,はなえみ,8800
2025-08-29,はなえみ,9900
2025-08-30,はなえみ,13000
2025-08-31,はなえみ,8800
2025-09-01,はなえみ,7800
2025-09-02,はなえみ,7800
2025-09-03,はなえみ,7800
2025-09-04,はなえみ,7800
2025-09-05,はなえみ,8800
2025-09-06,はなえみ,9900
2025-09-07,はなえみ,7800
2025-09-08,はなえみ,7800
2025-09-09,はなえみ,7800
2025-09-10,はなえみ,7800
2025-09-11,はなえみ,7800
2025-09-12,はなえみ,8800
2025-09-13,はなえみ,9900
2025-09-14,はなえみ,9900
2025-09-15,はなえみ,7800
2025-09-16,はなえみ,7800
2025-09-17,はなえみ,7800
2025-09-18,はなえみ,7800
2025-09-19,はなえみ,7800
2025-09-20,はなえみ,8800
2025-09-21,はなえみ,7800
2025-09-22,はなえみ,7800
2025-09-23,はなえみ,7800
2025-09-24,はなえみ,7800
2025-09-25,はなえみ,7800
2025-09-26,はなえみ,7800
2025-09-27,はなえみ,8800
2025-09-28,はなえみ,7800
2025-09-29,はなえみ,7800
2025-09-30,はなえみ,7800
2025-10-01,はなえみ,
2025-10-02,はなえみ,
2025-10-03,はなえみ,
2025-10-04,はなえみ,
2025-10-05,はなえみ,
2025-10-06,はなえみ,
2025-10-07,はなえみ,
2025-10-08,はなえみ,
2025-10-09,はなえみ,
2025-10-10,はなえみ,
2025-10-11,はなえみ,
2025-10-12,はなえみ,
2025-10-13,はなえみ,
2025-10-14,はなえみ,
2025-10-15,はなえみ,
2025-10-16,はなえみ,
2025-10-17,はなえみ,
2025-10-18,はなえみ,
2025-10-19,はなえみ,
2025-10-20,はなえみ,
2025-10-21,はなえみ,
2025-10-22,はなえみ,
2025-10-23,はなえみ,
2025-10-24,はなえみ,
2025-10-25,はなえみ,
2025-10-26,はなえみ,
2025-10-27,はなえみ,
2025-10-28,はなえみ,
2025-10-29,はなえみ,
2025-10-30,はなえみ,
2025-10-31,はなえみ,
2025-11-01,はなえみ,
2025-11-02,はなえみ,
2025-11-03,はなえみ,
2025-11-04,はなえみ,
2025-11-05,はなえみ,
2025-11-06,はなえみ,
2025-11-07,はなえみ,
2025-11-08,はなえみ,
2025-11-09,はなえみ,
2025-11-10,はなえみ,
2025-11-11,はなえみ,
2025-11-12,はなえみ,
2025-11-13,はなえみ,
2025-11-14,はなえみ,
2025-11-15,はなえみ,
2025-11-16,はなえみ,
2025-11-17,はなえみ,
2025-11-18,はなえみ,
2025-11-19,はなえみ,
2025-05-24,朝里川温泉ホテル,
2025-05-25,朝里川温泉ホテル,8865
2025-05-26,朝里川温泉ホテル,7500
2025-05-27,朝里川温泉ホテル,7965
2025-05-28,朝里川温泉ホテル,7500
2025-05-29,朝里川温泉ホテル,7965
2025-05-30,朝里川温泉ホテル,7965
2025-05-31,朝里川温泉ホテル,11115
2025-06-01,朝里川温泉ホテル,7500
2025-06-02,朝里川温泉ホテル,7500
2025-06-03,朝里川温泉ホテル,
2025-06-04,朝里川温泉ホテル,11115
2025-06-05,朝里川温泉ホテル,11115
2025-06-06,朝里川温泉ホテル,11115
2025-06-07,朝里川温泉ホテル,12915
2025-06-08,朝里川温泉ホテル,11115
2025-06-09,朝里川温泉ホテル,11115
2025-06-10,朝里川温泉ホテル,7500
2025-06-11,朝里川温泉ホテル,7500
2025-06-12,朝里川温泉ホテル,11115
2025-06-13,朝里川温泉ホテル,11115
2025-06-14,朝里川温泉ホテル,
2025-06-15,朝里川温泉ホテル,11115
2025-06-16,朝里川温泉ホテル,11115
2025-06-17,朝里川温泉ホテル,11115
2025-06-18,朝里川温泉ホテル,11115
2025-06-19,朝里川温泉ホテル,11115
2025-06-20,朝里川温泉ホテル,11115
2025-06-21,朝里川温泉ホテル,12915
2025-06-22,朝里川温泉ホテル,11115
2025-06-23,朝里川温泉ホテル,11115
2025-06-24,朝里川温泉ホテル,11115
2025-06-25,朝里川温泉ホテル,11115
2025-06-26,朝里川温泉ホテル,11115
2025-06-27,朝里川温泉ホテル,11115
2025-06-28,朝里川温泉ホテル,12915
2025-06-29,朝里川温泉ホテル,11115
2025-06-30,朝里川温泉ホテル,11115
2025-07-01,朝里川温泉ホテル,11115
2025-07-02,朝里川温泉ホテル,11115
2025-07-03,朝里川温泉ホテル,11115
2025-07-04,朝里川温泉ホテル,12015
2025-07-05,朝里川温泉ホテル,12915
2025-07-06,朝里川温泉ホテル,11115
2025-07-07,朝里川温泉ホテル,11115
2025-07-08,朝里川温泉ホテル,11115
2025-07-09,朝里川温泉ホテル,11115
2025-07-10,朝里川温泉ホテル,11115
2025-07-11,朝里川温泉ホテル,12015
2025-07-12,朝里川温泉ホテル,13815
2025-07-13,朝里川温泉ホテル,12015
2025-07-14,朝里川温泉ホテル,12015
2025-07-15,朝里川温泉ホテル,12015
2025-07-16,朝里川温泉ホテル,12015
2025-07-17,朝里川温泉ホテル,12015
2025-07-18,朝里川温泉ホテル,12915
2025-07-19,朝里川温泉ホテル,16065
2025-07-20,朝里川温泉ホテル,16065
2025-07-21,朝里川温泉ホテル,12915
2025-07-22,朝里川温泉ホテル,12015
2025-07-23,朝里川温泉ホテル,12015
2025-07-24,朝里川温泉ホテル,12015
2025-07-25,朝里川温泉ホテル,13815
2025-07-26,朝里川温泉ホテル,16065
2025-07-27,朝里川温泉ホテル,12915
2025-07-28,朝里川温泉ホテル,12915
2025-07-29,朝里川温泉ホテル,12915
2025-07-30,朝里川温泉ホテル,12915
2025-07-31,朝里川温泉ホテル,12915
2025-08-01,朝里川温泉ホテル,13815
2025-08-02,朝里川温泉ホテル,15165
2025-08-03,朝里川温泉ホテル,12915
2025-08-04,朝里川温泉ホテル,12915
2025-08-05,朝里川温泉ホテル,12915
2025-08-06,朝里川温泉ホテル,12915
2025-08-07,朝里川温泉ホテル,12915
2025-08-08,朝里川温泉ホテル,13815
2025-08-09,朝里川温泉ホテル,16065
2025-08-10,朝里川温泉ホテル,16065
2025-08-11,朝里川温泉ホテル,16065
2025-08-12,朝里川温泉ホテル,16065
2025-08-13,朝里川温泉ホテル,16065
2025-08-14,朝里川温泉ホテル,16065
2025-08-15,朝里川温泉ホテル,16065
2025-08-16,朝里川温泉ホテル,16065
2025-08-17,朝里川温泉ホテル,12915
2025-08-18,朝里川温泉ホテル,12915
2025-08-19,朝里川温泉ホテル,12915
2025-08-20,朝里川温泉ホテル,12915
2025-08-21,朝里川温泉ホテル,12915
2025-08-22,朝里川温泉ホテル,13815
2025-08-23,朝里川温泉ホテル,15165
2025-08-24,朝里川温泉ホテル,12015
2025-08-25,朝里川温泉ホテル,12015
2025-08-26,朝里川温泉ホテル,12015
2025-08-27,朝里川温泉ホテル,12015
2025-08-28,朝里川温泉ホテル,12015
2025-08-29,朝里川温泉ホテル,12915
2025-08-30,朝里川温泉ホテル,13815
2025-08-31,朝里川温泉ホテル,12015
2025-09-01,朝里川温泉ホテル,12015
2025-09-02,朝里川温泉ホテル,12015
2025-09-03,朝里川温泉ホテル,12015
2025-09-04,朝里川温泉ホテル,12015
2025-09-05,朝里川温泉ホテル,12915
2025-09-06,朝里川温泉ホテル,
2025-09-07,朝里川温泉ホテル,12015
2025-09-08,朝里川温泉ホテル,12015
2025-09-09,朝里川温泉ホテル,12015
2025-09-10,朝里川温泉ホテル,12015
2025-09-11,朝里川温泉ホテル,12015
2025-09-12,朝里川温泉ホテル,12915
2025-09-13,朝里川温泉ホテル,15165
2025-09-14,朝里川温泉ホテル,15165
2025-09-15,朝里川温泉ホテル,12015
2025-09-16,朝里川温泉ホテル,12015
2025-09-17,朝里川温泉ホテル,12015
2025-09-18,朝里川温泉ホテル,12015
2025-09-19,朝里川温泉ホテル,12915
2025-09-20,朝里川温泉ホテル,13815
2025-09-21,朝里川温泉ホテル,12015
2025-09-22,朝里川温泉ホテル,13815
2025-09-23,朝里川温泉ホテル,12015
2025-09-24,朝里川温泉ホテル,12015
2025-09-25,朝里川温泉ホテル,12015
2025-09-26,朝里川温泉ホテル,12915
2025-09-27,朝里川温泉ホテル,13815
2025-09-28,朝里川温泉ホテル,12015
2025-09-29,朝里川温泉ホテル,12015
2025-09-30,朝里川温泉ホテル,12015
2025-10-01,朝里川温泉ホテル,12015
2025-10-02,朝里川温泉ホテル,12015
2025-10-03,朝里川温泉ホテル,12915
2025-10-04,朝里川温泉ホテル,13815
2025-10-05,朝里川温泉ホテル,12015
2025-10-06,朝里川温泉ホテル,12015
2025-10-07,朝里川温泉ホテル,12015
2025-10-08,朝里川温泉ホテル,12015
2025-10-09,朝里川温泉ホテル,12015
2025-10-10,朝里川温泉ホテル,12915
2025-10-11,朝里川温泉ホテル,15165
2025-10-12,朝里川温泉ホテル,15165
2025-10-13,朝里川温泉ホテル,12015
2025-10-14,朝里川温泉ホテル,12015
2025-10-15,朝里川温泉ホテル,12015
2025-10-16,朝里川温泉ホテル,
2025-10-17,朝里川温泉ホテル,12915
2025-10-18,朝里川温泉ホテル,13815
2025-10-19,朝里川温泉ホテル,12015
2025-10-20,朝里川温泉ホテル,12015
2025-10-21,朝里川温泉ホテル,12015
2025-10-22,朝里川温泉ホテル,12015
2025-10-23,朝里川温泉ホテル,12015
2025-10-24,朝里川温泉ホテル,12915
2025-10-25,朝里川温泉ホテル,
2025-10-26,朝里川温泉ホテル,12015
2025-10-27,朝里川温泉ホテル,12015
2025-10-28,朝里川温泉ホテル,12015
2025-10-29,朝里川温泉ホテル,12015
2025-10-30,朝里川温泉ホテル,12015
2025-10-31,朝里川温泉ホテル,12915
2025-11-01,朝里川温泉ホテル,12015
2025-11-02,朝里川温泉ホテル,12015
2025-11-03,朝里川温泉ホテル,10215
2025-11-04,朝里川温泉ホテル,10215
2025-11-05,朝里川温泉ホテル,10215
2025-11-06,朝里川温泉ホテル,10215
2025-11-07,朝里川温泉ホテル,11115
2025-11-08,朝里川温泉ホテル,12015
2025-11-09,朝里川温泉ホテル,10215
2025-11-10,朝里川温泉ホテル,10215
2025-11-11,朝里川温泉ホテル,10215
2025-11-12,朝里川温泉ホテル,10215
2025-11-13,朝里川温泉ホテル,10215
2025-11-14,朝里川温泉ホテル,11115
2025-11-15,朝里川温泉ホテル,12015
2025-11-16,朝里川温泉ホテル,10215
2025-11-17,朝里川温泉ホテル,10215
2025-11-18,朝里川温泉ホテル,10215
2025-11-19,朝里川温泉ホテル,10215
2025-05-24,グリッズプレミアム小樽,18400
2025-05-25,グリッズプレミアム小樽,12000
2025-05-26,グリッズプレミアム小樽,14600
2025-05-27,グリッズプレミアム小樽,10200
2025-05-28,グリッズプレミアム小樽,10200
2025-05-29,グリッズプレミアム小樽,11400
2025-05-30,グリッズプレミアム小樽,15400
2025-05-31,グリッズプレミアム小樽,19400
2025-06-01,グリッズプレミアム小樽,15800
2025-06-02,グリッズプレミアム小樽,13800
2025-06-03,グリッズプレミアム小樽,13600
2025-06-04,グリッズプレミアム小樽,13200
2025-06-05,グリッズプレミアム小樽,14600
2025-06-06,グリッズプレミアム小樽,21400
2025-06-07,グリッズプレミアム小樽,23600
2025-06-08,グリッズプレミアム小樽,15800
2025-06-09,グリッズプレミアム小樽,15800
2025-06-10,グリッズプレミアム小樽,15800
2025-06-11,グリッズプレミアム小樽,15400
2025-06-12,グリッズプレミアム小樽,20400
2025-06-13,グリッズプレミアム小樽,23000
2025-06-14,グリッズプレミアム小樽,28200
2025-06-15,グリッズプレミアム小樽,20800
2025-06-16,グリッズプレミアム小樽,16600
2025-06-17,グリッズプレミアム小樽,21400
2025-06-18,グリッズプレミアム小樽,17400
2025-06-19,グリッズプレミアム小樽,21400
2025-06-20,グリッズプレミアム小樽,24200
2025-06-21,グリッズプレミアム小樽,33600
2025-06-22,グリッズプレミアム小樽,17400
2025-06-23,グリッズプレミアム小樽,17000
2025-06-24,グリッズプレミアム小樽,17400
2025-06-25,グリッズプレミアム小樽,17800
2025-06-26,グリッズプレミアム小樽,
2025-06-27,グリッズプレミアム小樽,24200
2025-06-28,グリッズプレミアム小樽,24800
2025-06-29,グリッズプレミアム小樽,14200
2025-06-30,グリッズプレミアム小樽,15000
2025-07-01,グリッズプレミアム小樽,21800
2025-07-02,グリッズプレミアム小樽,17800
2025-07-03,グリッズプレミアム小樽,19800
2025-07-04,グリッズプレミアム小樽,26800
2025-07-05,グリッズプレミアム小樽,31200
2025-07-06,グリッズプレミアム小樽,24200
2025-07-07,グリッズプレミアム小樽,18800
2025-07-08,グリッズプレミアム小樽,17800
2025-07-09,グリッズプレミアム小樽,19800
2025-07-10,グリッズプレミアム小樽,20800
2025-07-11,グリッズプレミアム小樽,25400
2025-07-12,グリッズプレミアム小樽,28800
2025-07-13,グリッズプレミアム小樽,21400
2025-07-14,グリッズプレミアム小樽,19800
2025-07-15,グリッズプレミアム小樽,18800
2025-07-16,グリッズプレミアム小樽,18800
2025-07-17,グリッズプレミアム小樽,20400
2025-07-18,グリッズプレミアム小樽,26000
2025-07-19,グリッズプレミアム小樽,37200
2025-07-20,グリッズプレミアム小樽,33600
2025-07-21,グリッズプレミアム小樽,21800
2025-07-22,グリッズプレミアム小樽,19400
2025-07-23,グリッズプレミアム小樽,19400
2025-07-24,グリッズプレミアム小樽,19800
2025-07-25,グリッズプレミアム小樽,29600
2025-07-26,グリッズプレミアム小樽,36200
2025-07-27,グリッズプレミアム小樽,35400
2025-07-28,グリッズプレミアム小樽,24200
2025-07-29,グリッズプレミアム小樽,23000
2025-07-30,グリッズプレミアム小樽,23000
2025-07-31,グリッズプレミアム小樽,22400
2025-08-01,グリッズプレミアム小樽,26000
2025-08-02,グリッズプレミアム小樽,29600
2025-08-03,グリッズプレミアム小樽,22400
2025-08-04,グリッズプレミアム小樽,23600
2025-08-05,グリッズプレミアム小樽,23600
2025-08-06,グリッズプレミアム小樽,23600
2025-08-07,グリッズプレミアム小樽,22400
2025-08-08,グリッズプレミアム小樽,29600
2025-08-09,グリッズプレミアム小樽,35400
2025-08-10,グリッズプレミアム小樽,34400
2025-08-11,グリッズプレミアム小樽,33600
2025-08-12,グリッズプレミアム小樽,34400
2025-08-13,グリッズプレミアム小樽,33600
2025-08-14,グリッズプレミアム小樽,33600
2025-08-15,グリッズプレミアム小樽,32000
2025-08-16,グリッズプレミアム小樽,33600
2025-08-17,グリッズプレミアム小樽,23000
2025-08-18,グリッズプレミアム小樽,20800
2025-08-19,グリッズプレミアム小樽,20800
2025-08-20,グリッズプレミアム小樽,20800
2025-08-21,グリッズプレミアム小樽,21800
2025-08-22,グリッズプレミアム小樽,24800
2025-08-23,グリッズプレミアム小樽,30400
2025-08-24,グリッズプレミアム小樽,21400
2025-08-25,グリッズプレミアム小樽,22400
2025-08-26,グリッズプレミアム小樽,18800
2025-08-27,グリッズプレミアム小樽,17800
2025-08-28,グリッズプレミアム小樽,18400
2025-08-29,グリッズプレミアム小樽,23600
2025-08-30,グリッズプレミアム小樽,28200
2025-08-31,グリッズプレミアム小樽,15800
2025-09-01,グリッズプレミアム小樽,18400
2025-09-02,グリッズプレミアム小樽,18400
2025-09-03,グリッズプレミアム小樽,18400
2025-09-04,グリッズプレミアム小樽,18400
2025-09-05,グリッズプレミアム小樽,23600
2025-09-06,グリッズプレミアム小樽,28200
2025-09-07,グリッズプレミアム小樽,17400
2025-09-08,グリッズプレミアム小樽,17400
2025-09-09,グリッズプレミアム小樽,17400
2025-09-10,グリッズプレミアム小樽,17400
2025-09-11,グリッズプレミアム小樽,18400
2025-09-12,グリッズプレミアム小樽,26000
2025-09-13,グリッズプレミアム小樽,32000
2025-09-14,グリッズプレミアム小樽,30400
2025-09-15,グリッズプレミアム小樽,17400
2025-09-16,グリッズプレミアム小樽,17400
2025-09-17,グリッズプレミアム小樽,17400
2025-09-18,グリッズプレミアム小樽,17400
2025-09-19,グリッズプレミアム小樽,23600
2025-09-20,グリッズプレミアム小樽,26800
2025-09-21,グリッズプレミアム小樽,17800
2025-09-22,グリッズプレミアム小樽,17800
2025-09-23,グリッズプレミアム小樽,16600
2025-09-24,グリッズプレミアム小樽,16600
2025-09-25,グリッズプレミアム小樽,16600
2025-09-26,グリッズプレミアム小樽,22400
2025-09-27,グリッズプレミアム小樽,25400
2025-09-28,グリッズプレミアム小樽,15400
2025-09-29,グリッズプレミアム小樽,15400
2025-09-30,グリッズプレミアム小樽,15400
2025-10-01,グリッズプレミアム小樽,16200
2025-10-02,グリッズプレミアム小樽,16200
2025-10-03,グリッズプレミアム小樽,17400
2025-10-04,グリッズプレミアム小樽,25400
2025-10-05,グリッズプレミアム小樽,15800
2025-10-06,グリッズプレミアム小樽,15800
2025-10-07,グリッズプレミアム小樽,15800
2025-10-08,グリッズプレミアム小樽,15800
2025-10-09,グリッズプレミアム小樽,15800
2025-10-10,グリッズプレミアム小樽,17800
2025-10-11,グリッズプレミアム小樽,28800
2025-10-12,グリッズプレミアム小樽,27400
2025-10-13,グリッズプレミアム小樽,15400
2025-10-14,グリッズプレミアム小樽,15400
2025-10-15,グリッズプレミアム小樽,15400
2025-10-16,グリッズプレミアム小樽,15400
2025-10-17,グリッズプレミアム小樽,16600
2025-10-18,グリッズプレミアム小樽,26000
2025-10-19,グリッズプレミアム小樽,15400
2025-10-20,グリッズプレミアム小樽,15400
2025-10-21,グリッズプレミアム小樽,15400
2025-10-22,グリッズプレミアム小樽,15400
2025-10-23,グリッズプレミアム小樽,15400
2025-10-24,グリッズプレミアム小樽,16200
2025-10-25,グリッズプレミアム小樽,25400
2025-10-26,グリッズプレミアム小樽,15400
2025-10-27,グリッズプレミアム小樽,15400
2025-10-28,グリッズプレミアム小樽,15400
2025-10-29,グリッズプレミアム小樽,15400
2025-10-30,グリッズプレミアム小樽,15400
2025-10-31,グリッズプレミアム小樽,19400
2025-11-01,グリッズプレミアム小樽,25400
2025-11-02,グリッズプレミアム小樽,24800
2025-11-03,グリッズプレミアム小樽,15400
2025-11-04,グリッズプレミアム小樽,15400
2025-11-05,グリッズプレミアム小樽,15400
2025-11-06,グリッズプレミアム小樽,15400
2025-11-07,グリッズプレミアム小樽,16600
2025-11-08,グリッズプレミアム小樽,23600
2025-11-09,グリッズプレミアム小樽,15400
2025-11-10,グリッズプレミアム小樽,15400
2025-11-11,グリッズプレミアム小樽,15400
2025-11-12,グリッズプレミアム小樽,15400
2025-11-13,グリッズプレミアム小樽,15400
2025-11-14,グリッズプレミアム小樽,16600
2025-11-15,グリッズプレミアム小樽,23600
2025-11-16,グリッズプレミアム小樽,15400
2025-11-17,グリッズプレミアム小樽,15400
2025-11-18,グリッズプレミアム小樽,15400
2025-11-19,グリッズプレミアム小樽,15400
2025-05-24,トリフィート小樽運河,
2025-05-25,トリフィート小樽運河,10200
2025-05-26,トリフィート小樽運河,9220
2025-05-27,トリフィート小樽運河,9450
2025-05-28,トリフィート小樽運河,9220
2025-05-29,トリフィート小樽運河,10520
2025-05-30,トリフィート小樽運河,12960
2025-05-31,トリフィート小樽運河,17064
2025-06-01,トリフィート小樽運河,12670
2025-06-02,トリフィート小樽運河,12000
2025-06-03,トリフィート小樽運河,11700
2025-06-04,トリフィート小樽運河,11700
2025-06-05,トリフィート小樽運河,12670
2025-06-06,トリフィート小樽運河,17770
2025-06-07,トリフィート小樽運河,22270
2025-06-08,トリフィート小樽運河,14416
2025-06-09,トリフィート小樽運河,14416
2025-06-10,トリフィート小樽運河,14416
2025-06-11,トリフィート小樽運河,13420
2025-06-12,トリフィート小樽運河,14824
2025-06-13,トリフィート小樽運河,19648
2025-06-14,トリフィート小樽運河,26248
2025-06-15,トリフィート小樽運河,15232
2025-06-16,トリフィート小樽運河,14824
2025-06-17,トリフィート小樽運河,14416
2025-06-18,トリフィート小樽運河,14008
2025-06-19,トリフィート小樽運河,15232
2025-06-20,トリフィート小樽運河,20808
2025-06-21,トリフィート小樽運河,25496
2025-06-22,トリフィート小樽運河,15232
2025-06-23,トリフィート小樽運河,14824
2025-06-24,トリフィート小樽運河,14824
2025-06-25,トリフィート小樽運河,15640
2025-06-26,トリフィート小樽運河,15232
2025-06-27,トリフィート小樽運河,20192
2025-06-28,トリフィート小樽運河,24752
2025-06-29,トリフィート小樽運河,14824
2025-06-30,トリフィート小樽運河,15232
2025-07-01,トリフィート小樽運河,18016
2025-07-02,トリフィート小樽運河,18016
2025-07-03,トリフィート小樽運河,19104
2025-07-04,トリフィート小樽運河,23392
2025-07-05,トリフィート小樽運河,30392
2025-07-06,トリフィート小樽運河,19648
2025-07-07,トリフィート小樽運河,19350
2025-07-08,トリフィート小樽運河,19350
2025-07-09,トリフィート小樽運河,19648
2025-07-10,トリフィート小樽運河,19648
2025-07-11,トリフィート小樽運河,23392
2025-07-12,トリフィート小樽運河,30392
2025-07-13,トリフィート小樽運河,20808
2025-07-14,トリフィート小樽運河,19104
2025-07-15,トリフィート小樽運河,19104
2025-07-16,トリフィート小樽運河,19104
2025-07-17,トリフィート小樽運河,19870
2025-07-18,トリフィート小樽運河,25800
2025-07-19,トリフィート小樽運河,36600
2025-07-20,トリフィート小樽運河,34500
2025-07-21,トリフィート小樽運河,20470
2025-07-22,トリフィート小樽運河,19350
2025-07-23,トリフィート小樽運河,19350
2025-07-24,トリフィート小樽運河,19350
2025-07-25,トリフィート小樽運河,30392
2025-07-26,トリフィート小樽運河,36312
2025-07-27,トリフィート小樽運河,35224
2025-07-28,トリフィート小樽運河,21670
2025-07-29,トリフィート小樽運河,21670
2025-07-30,トリフィート小樽運河,21070
2025-07-31,トリフィート小樽運河,21070
2025-08-01,トリフィート小樽運河,25800
2025-08-02,トリフィート小樽運河,28950
2025-08-03,トリフィート小樽運河,22270
2025-08-04,トリフィート小樽運河,22270
2025-08-05,トリフィート小樽運河,22270
2025-08-06,トリフィート小樽運河,21670
2025-08-07,トリフィート小樽運河,21670
2025-08-08,トリフィート小樽運河,26550
2025-08-09,トリフィート小樽運河,33520
2025-08-10,トリフィート小樽運河,34500
2025-08-11,トリフィート小樽運河,33184
2025-08-12,トリフィート小樽運河,32232
2025-08-13,トリフィート小樽運河,32232
2025-08-14,トリフィート小樽運河,32232
2025-08-15,トリフィート小樽運河,32232
2025-08-16,トリフィート小樽運河,30670
2025-08-17,トリフィート小樽運河,24300
2025-08-18,トリフィート小樽運河,21070
2025-08-19,トリフィート小樽運河,21070
2025-08-20,トリフィート小樽運河,20470
2025-08-21,トリフィート小樽運河,20470
2025-08-22,トリフィート小樽運河,23620
2025-08-23,トリフィート小樽運河,28950
2025-08-24,トリフィート小樽運河,20470
2025-08-25,トリフィート小樽運河,21070
2025-08-26,トリフィート小樽運河,19870
2025-08-27,トリフィート小樽運河,18300
2025-08-28,トリフィート小樽運河,18300
2025-08-29,トリフィート小樽運河,23620
2025-08-30,トリフィート小樽運河,27300
2025-08-31,トリフィート小樽運河,17250
2025-09-01,トリフィート小樽運河,16350
2025-09-02,トリフィート小樽運河,16350
2025-09-03,トリフィート小樽運河,15900
2025-09-04,トリフィート小樽運河,15900
2025-09-05,トリフィート小樽運河,22712
2025-09-06,トリフィート小樽運河,24752
2025-09-07,トリフィート小樽運河,17250
2025-09-08,トリフィート小樽運河,16350
2025-09-09,トリフィート小樽運河,16350
2025-09-10,トリフィート小樽運河,15450
2025-09-11,トリフィート小樽運河,15900
2025-09-12,トリフィート小樽運河,20470
2025-09-13,トリフィート小樽運河,26248
2025-09-14,トリフィート小樽運河,26248
2025-09-15,トリフィート小樽運河,15450
2025-09-16,トリフィート小樽運河,15900
2025-09-17,トリフィート小樽運河,15900
2025-09-18,トリフィート小樽運河,15900
2025-09-19,トリフィート小樽運河,20470
2025-09-20,トリフィート小樽運河,24752
2025-09-21,トリフィート小樽運河,17250
2025-09-22,トリフィート小樽運河,17250
2025-09-23,トリフィート小樽運河,15000
2025-09-24,トリフィート小樽運河,15000
2025-09-25,トリフィート小樽運河,15900
2025-09-26,トリフィート小樽運河,19350
2025-09-27,トリフィート小樽運河,24752
2025-09-28,トリフィート小樽運河,15000
2025-09-29,トリフィート小樽運河,15000
2025-09-30,トリフィート小樽運河,15000
2025-10-01,トリフィート小樽運河,14550
2025-10-02,トリフィート小樽運河,14550
2025-10-03,トリフィート小樽運河,15000
2025-10-04,トリフィート小樽運河,25800
2025-10-05,トリフィート小樽運河,14170
2025-10-06,トリフィート小樽運河,14550
2025-10-07,トリフィート小樽運河,14550
2025-10-08,トリフィート小樽運河,14550
2025-10-09,トリフィート小樽運河,14550
2025-10-10,トリフィート小樽運河,17770
2025-10-11,トリフィート小樽運河,28950
2025-10-12,トリフィート小樽運河,28120
2025-10-13,トリフィート小樽運河,18820
2025-10-14,トリフィート小樽運河,14550
2025-10-15,トリフィート小樽運河,14550
2025-10-16,トリフィート小樽運河,14550
2025-10-17,トリフィート小樽運河,15450
2025-10-18,トリフィート小樽運河,25800
2025-10-19,トリフィート小樽運河,14550
2025-10-20,トリフィート小樽運河,14550
2025-10-21,トリフィート小樽運河,14550
2025-10-22,トリフィート小樽運河,14550
2025-10-23,トリフィート小樽運河,14550
2025-10-24,トリフィート小樽運河,15450
2025-10-25,トリフィート小樽運河,22950
2025-10-26,トリフィート小樽運河,14550
2025-10-27,トリフィート小樽運河,14550
2025-10-28,トリフィート小樽運河,14550
2025-10-29,トリフィート小樽運河,14550
2025-10-30,トリフィート小樽運河,14550
2025-10-31,トリフィート小樽運河,15450
2025-11-01,トリフィート小樽運河,25800
2025-11-02,トリフィート小樽運河,21070
2025-11-03,トリフィート小樽運河,11400
2025-11-04,トリフィート小樽運河,10200
2025-11-05,トリフィート小樽運河,10200
2025-11-06,トリフィート小樽運河,10200
2025-11-07,トリフィート小樽運河,13050
2025-11-08,トリフィート小樽運河,25800
2025-11-09,トリフィート小樽運河,11700
2025-11-10,トリフィート小樽運河,11700
2025-11-11,トリフィート小樽運河,13420
2025-11-12,トリフィート小樽運河,13420
2025-11-13,トリフィート小樽運河,13420
2025-11-14,トリフィート小樽運河,14170
2025-11-15,トリフィート小樽運河,21070
2025-11-16,トリフィート小樽運河,13800
2025-11-17,トリフィート小樽運河,12000
2025-11-18,トリフィート小樽運河,12000
2025-11-19,トリフィート小樽運河,12000
2025-05-24,アルファベッドイン小樽駅前,
2025-05-25,アルファベッドイン小樽駅前,
2025-05-26,アルファベッドイン小樽駅前,
2025-05-27,アルファベッドイン小樽駅前,
2025-05-28,アルファベッドイン小樽駅前,9300
2025-05-29,アルファベッドイン小樽駅前,13097
2025-05-30,アルファベッドイン小樽駅前,13097
2025-05-31,アルファベッドイン小樽駅前,13097
2025-06-01,アルファベッドイン小樽駅前,13097
2025-06-02,アルファベッドイン小樽駅前,13097
2025-06-03,アルファベッドイン小樽駅前,13097
2025-06-04,アルファベッドイン小樽駅前,13097
2025-06-05,アルファベッドイン小樽駅前,13097
2025-06-06,アルファベッドイン小樽駅前,13097
2025-06-07,アルファベッドイン小樽駅前,15920
2025-06-08,アルファベッドイン小樽駅前,19100
2025-06-09,アルファベッドイン小樽駅前,16716
2025-06-10,アルファベッドイン小樽駅前,13097
2025-06-11,アルファベッドイン小樽駅前,13097
2025-06-12,アルファベッドイン小樽駅前,13097
2025-06-13,アルファベッドイン小樽駅前,13097
2025-06-14,アルファベッドイン小樽駅前,
2025-06-15,アルファベッドイン小樽駅前,9308
2025-06-16,アルファベッドイン小樽駅前,10600
2025-06-17,アルファベッドイン小樽駅前,14900
2025-06-18,アルファベッドイン小樽駅前,13097
2025-06-19,アルファベッドイン小樽駅前,13097
2025-06-20,アルファベッドイン小樽駅前,19100
2025-06-21,アルファベッドイン小樽駅前,16716
2025-06-22,アルファベッドイン小樽駅前,13097
2025-06-23,アルファベッドイン小樽駅前,9308
2025-06-24,アルファベッドイン小樽駅前,13097
2025-06-25,アルファベッドイン小樽駅前,13097
2025-06-26,アルファベッドイン小樽駅前,13097
2025-06-27,アルファベッドイン小樽駅前,14900
2025-06-28,アルファベッドイン小樽駅前,
2025-06-29,アルファベッドイン小樽駅前,13097
2025-06-30,アルファベッドイン小樽駅前,10600
2025-07-01,アルファベッドイン小樽駅前,11880
2025-07-02,アルファベッドイン小樽駅前,11880
2025-07-03,アルファベッドイン小樽駅前,16500
2025-07-04,アルファベッドイン小樽駅前,19100
2025-07-05,アルファベッドイン小樽駅前,19100
2025-07-06,アルファベッドイン小樽駅前,19100
2025-07-07,アルファベッドイン小樽駅前,16716
2025-07-08,アルファベッドイン小樽駅前,15920
2025-07-09,アルファベッドイン小樽駅前,15920
2025-07-10,アルファベッドイン小樽駅前,18200
2025-07-11,アルファベッドイン小樽駅前,18900
2025-07-12,アルファベッドイン小樽駅前,
2025-07-13,アルファベッドイン小樽駅前,
2025-07-14,アルファベッドイン小樽駅前,15400
2025-07-15,アルファベッドイン小樽駅前,
2025-07-16,アルファベッドイン小樽駅前,13097
2025-07-17,アルファベッドイン小樽駅前,14900
2025-07-18,アルファベッドイン小樽駅前,16500
2025-07-19,アルファベッドイン小樽駅前,
2025-07-20,アルファベッドイン小樽駅前,19100
2025-07-21,アルファベッドイン小樽駅前,16716
2025-07-22,アルファベッドイン小樽駅前,11880
2025-07-23,アルファベッドイン小樽駅前,11880
2025-07-24,アルファベッドイン小樽駅前,11880
2025-07-25,アルファベッドイン小樽駅前,16716
2025-07-26,アルファベッドイン小樽駅前,
2025-07-27,アルファベッドイン小樽駅前,
2025-07-28,アルファベッドイン小樽駅前,19100
2025-07-29,アルファベッドイン小樽駅前,19100
2025-07-30,アルファベッドイン小樽駅前,19900
2025-07-31,アルファベッドイン小樽駅前,19100
2025-08-01,アルファベッドイン小樽駅前,14440
2025-08-02,アルファベッドイン小樽駅前,14440
2025-08-03,アルファベッドイン小樽駅前,14440
2025-08-04,アルファベッドイン小樽駅前,14440
2025-08-05,アルファベッドイン小樽駅前,14440
2025-08-06,アルファベッドイン小樽駅前,14440
2025-08-07,アルファベッドイン小樽駅前,14440
2025-08-08,アルファベッドイン小樽駅前,16716
2025-08-09,アルファベッドイン小樽駅前,25074
2025-08-10,アルファベッドイン小樽駅前,25074
2025-08-11,アルファベッドイン小樽駅前,29850
2025-08-12,アルファベッドイン小樽駅前,16716
2025-08-13,アルファベッドイン小樽駅前,16500
2025-08-14,アルファベッドイン小樽駅前,14440
2025-08-15,アルファベッドイン小樽駅前,14440
2025-08-16,アルファベッドイン小樽駅前,14440
2025-08-17,アルファベッドイン小樽駅前,16716
2025-08-18,アルファベッドイン小樽駅前,16500
2025-08-19,アルファベッドイン小樽駅前,14440
2025-08-20,アルファベッドイン小樽駅前,14440
2025-08-21,アルファベッドイン小樽駅前,19100
2025-08-22,アルファベッドイン小樽駅前,16716
2025-08-23,アルファベッドイン小樽駅前,16716
2025-08-24,アルファベッドイン小樽駅前,16716
2025-08-25,アルファベッドイン小樽駅前,14440
2025-08-26,アルファベッドイン小樽駅前,14440
2025-08-27,アルファベッドイン小樽駅前,14440
2025-08-28,アルファベッドイン小樽駅前,14440
2025-08-29,アルファベッドイン小樽駅前,14440
2025-08-30,アルファベッドイン小樽駅前,16716
2025-08-31,アルファベッドイン小樽駅前,14440
2025-09-01,アルファベッドイン小樽駅前,13097
2025-09-02,アルファベッドイン小樽駅前,13097
2025-09-03,アルファベッドイン小樽駅前,13097
2025-09-04,アルファベッドイン小樽駅前,13097
2025-09-05,アルファベッドイン小樽駅前,16716
2025-09-06,アルファベッドイン小樽駅前,16716
2025-09-07,アルファベッドイン小樽駅前,13097
2025-09-08,アルファベッドイン小樽駅前,13097
2025-09-09,アルファベッドイン小樽駅前,13097
2025-09-10,アルファベッドイン小樽駅前,13097
2025-09-11,アルファベッドイン小樽駅前,13097
2025-09-12,アルファベッドイン小樽駅前,16716
2025-09-13,アルファベッドイン小樽駅前,16716
2025-09-14,アルファベッドイン小樽駅前,16716
2025-09-15,アルファベッドイン小樽駅前,13097
2025-09-16,アルファベッドイン小樽駅前,13097
2025-09-17,アルファベッドイン小樽駅前,13097
2025-09-18,アルファベッドイン小樽駅前,13097
2025-09-19,アルファベッドイン小樽駅前,16716
2025-09-20,アルファベッドイン小樽駅前,16716
2025-09-21,アルファベッドイン小樽駅前,13097
2025-09-22,アルファベッドイン小樽駅前,16716
2025-09-23,アルファベッドイン小樽駅前,16716
2025-09-24,アルファベッドイン小樽駅前,13097
2025-09-25,アルファベッドイン小樽駅前,13097
2025-09-26,アルファベッドイン小樽駅前,16716
2025-09-27,アルファベッドイン小樽駅前,16716
2025-09-28,アルファベッドイン小樽駅前,13097
2025-09-29,アルファベッドイン小樽駅前,13097
2025-09-30,アルファベッドイン小樽駅前,13097
2025-10-01,アルファベッドイン小樽駅前,11880
2025-10-02,アルファベッドイン小樽駅前,11880
2025-10-03,アルファベッドイン小樽駅前,16716
2025-10-04,アルファベッドイン小樽駅前,16716
2025-10-05,アルファベッドイン小樽駅前,11880
2025-10-06,アルファベッドイン小樽駅前,11880
2025-10-07,アルファベッドイン小樽駅前,11880
2025-10-08,アルファベッドイン小樽駅前,11880
2025-10-09,アルファベッドイン小樽駅前,11880
2025-10-10,アルファベッドイン小樽駅前,16716
2025-10-11,アルファベッドイン小樽駅前,16716
2025-10-12,アルファベッドイン小樽駅前,16716
2025-10-13,アルファベッドイン小樽駅前,11880
2025-10-14,アルファベッドイン小樽駅前,11880
2025-10-15,アルファベッドイン小樽駅前,11880
2025-10-16,アルファベッドイン小樽駅前,11880
2025-10-17,アルファベッドイン小樽駅前,16716
2025-10-18,アルファベッドイン小樽駅前,16716
2025-10-19,アルファベッドイン小樽駅前,11880
2025-10-20,アルファベッドイン小樽駅前,11880
2025-10-21,アルファベッドイン小樽駅前,11880
2025-10-22,アルファベッドイン小樽駅前,11880
2025-10-23,アルファベッドイン小樽駅前,11880
2025-10-24,アルファベッドイン小樽駅前,16716
2025-10-25,アルファベッドイン小樽駅前,16716
2025-10-26,アルファベッドイン小樽駅前,11880
2025-10-27,アルファベッドイン小樽駅前,11880
2025-10-28,アルファベッドイン小樽駅前,11880
2025-10-29,アルファベッドイン小樽駅前,11880
2025-10-30,アルファベッドイン小樽駅前,11880
2025-10-31,アルファベッドイン小樽駅前,16716
2025-11-01,アルファベッドイン小樽駅前,16716
2025-11-02,アルファベッドイン小樽駅前,16716
2025-11-03,アルファベッドイン小樽駅前,10262
2025-11-04,アルファベッドイン小樽駅前,10262
2025-11-05,アルファベッドイン小樽駅前,10262
2025-11-06,アルファベッドイン小樽駅前,10262
2025-11-07,アルファベッドイン小樽駅前,14440
2025-11-08,アルファベッドイン小樽駅前,14440
2025-11-09,アルファベッドイン小樽駅前,10262
2025-11-10,アルファベッドイン小樽駅前,10262
2025-11-11,アルファベッドイン小樽駅前,10262
2025-11-12,アルファベッドイン小樽駅前,10262
2025-11-13,アルファベッドイン小樽駅前,10262
2025-11-14,アルファベッドイン小樽駅前,14440
2025-11-15,アルファベッドイン小樽駅前,14440
2025-11-16,アルファベッドイン小樽駅前,10262
2025-11-17,アルファベッドイン小樽駅前,10262
2025-11-18,アルファベッドイン小樽駅前,10262
2025-11-19,アルファベッドイン小樽駅前,10262
2025-05-24,ファミグリーン小樽,
2025-05-25,ファミグリーン小樽,11300
2025-05-26,ファミグリーン小樽,7000
2025-05-27,ファミグリーン小樽,12400
2025-05-28,ファミグリーン小樽,7000
2025-05-29,ファミグリーン小樽,7000
2025-05-30,ファミグリーン小樽,11300
2025-05-31,ファミグリーン小樽,17700
2025-06-01,ファミグリーン小樽,8600
2025-06-02,ファミグリーン小樽,10000
2025-06-03,ファミグリーン小樽,9700
2025-06-04,ファミグリーン小樽,6100
2025-06-05,ファミグリーン小樽,7000
2025-06-06,ファミグリーン小樽,8000
2025-06-07,ファミグリーン小樽,20500
2025-06-08,ファミグリーン小樽,10290
2025-06-09,ファミグリーン小樽,10486
2025-06-10,ファミグリーン小樽,10388
2025-06-11,ファミグリーン小樽,8526
2025-06-12,ファミグリーン小樽,12544
2025-06-13,ファミグリーン小樽,15288
2025-06-14,ファミグリーン小樽,56742
2025-06-15,ファミグリーン小樽,11172
2025-06-16,ファミグリーン小樽,10290
2025-06-17,ファミグリーン小樽,10388
2025-06-18,ファミグリーン小樽,11956
2025-06-19,ファミグリーン小樽,15386
2025-06-20,ファミグリーン小樽,15876
2025-06-21,ファミグリーン小樽,13426
2025-06-22,ファミグリーン小樽,11564
2025-06-23,ファミグリーン小樽,8148
2025-06-24,ファミグリーン小樽,6402
2025-06-25,ファミグリーン小樽,12804
2025-06-26,ファミグリーン小樽,14550
2025-06-27,ファミグリーン小樽,15132
2025-06-28,ファミグリーン小樽,14744
2025-06-29,ファミグリーン小樽,10670
2025-06-30,ファミグリーン小樽,8730
2025-07-01,ファミグリーン小樽,12125
2025-07-02,ファミグリーン小樽,11931
2025-07-03,ファミグリーン小樽,14356
2025-07-04,ファミグリーン小樽,17363
2025-07-05,ファミグリーン小樽,16878
2025-07-06,ファミグリーン小樽,17363
2025-07-07,ファミグリーン小樽,12028
2025-07-08,ファミグリーン小樽,12125
2025-07-09,ファミグリーン小樽,14065
2025-07-10,ファミグリーン小樽,11834
2025-07-11,ファミグリーン小樽,15520
2025-07-12,ファミグリーン小樽,19206
2025-07-13,ファミグリーン小樽,13289
2025-07-14,ファミグリーン小樽,12028
2025-07-15,ファミグリーン小樽,12707
2025-07-16,ファミグリーン小樽,13968
2025-07-17,ファミグリーン小樽,13289
2025-07-18,ファミグリーン小樽,10767
2025-07-19,ファミグリーン小樽,20079
2025-07-20,ファミグリーン小樽,30070
2025-07-21,ファミグリーン小樽,14938
2025-07-22,ファミグリーン小樽,8730
2025-07-23,ファミグリーン小樽,8245
2025-07-24,ファミグリーン小樽,12416
2025-07-25,ファミグリーン小樽,17169
2025-07-26,ファミグリーン小樽,32398
2025-07-27,ファミグリーン小樽,33271
2025-07-28,ファミグリーン小樽,13192
2025-07-29,ファミグリーン小樽,9506
2025-07-30,ファミグリーン小樽,13968
2025-07-31,ファミグリーン小樽,18333
2025-08-01,ファミグリーン小樽,13483
2025-08-02,ファミグリーン小樽,16490
2025-08-03,ファミグリーン小樽,8730
2025-08-04,ファミグリーン小樽,13192
2025-08-05,ファミグリーン小樽,7857
2025-08-06,ファミグリーン小樽,14356
2025-08-07,ファミグリーン小樽,12804
2025-08-08,ファミグリーン小樽,13386
2025-08-09,ファミグリーン小樽,20273
2025-08-10,ファミグリーン小樽,19497
2025-08-11,ファミグリーン小樽,16781
2025-08-12,ファミグリーン小樽,18721
2025-08-13,ファミグリーン小樽,17266
2025-08-14,ファミグリーン小樽,10185
2025-08-15,ファミグリーン小樽,12125
2025-08-16,ファミグリーン小樽,10282
2025-08-17,ファミグリーン小樽,7954
2025-08-18,ファミグリーン小樽,12610
2025-08-19,ファミグリーン小樽,9215
2025-08-20,ファミグリーン小樽,10282
2025-08-21,ファミグリーン小樽,13677
2025-08-22,ファミグリーン小樽,18430
2025-08-23,ファミグリーン小樽,18818
2025-08-24,ファミグリーン小樽,9700
2025-08-25,ファミグリーン小樽,9506
2025-08-26,ファミグリーン小樽,8536
2025-08-27,ファミグリーン小樽,8730
2025-08-28,ファミグリーン小樽,12222
2025-08-29,ファミグリーン小樽,9021
2025-08-30,ファミグリーン小樽,16393
2025-08-31,ファミグリーン小樽,9118
2025-09-01,ファミグリーン小樽,5820
2025-09-02,ファミグリーン小樽,6499
2025-09-03,ファミグリーン小樽,8924
2025-09-04,ファミグリーン小樽,10864
2025-09-05,ファミグリーン小樽,15520
2025-09-06,ファミグリーン小樽,17363
2025-09-07,ファミグリーン小樽,9409
2025-09-08,ファミグリーン小樽,11446
2025-09-09,ファミグリーン小樽,6693
2025-09-10,ファミグリーン小樽,8051
2025-09-11,ファミグリーン小樽,8439
2025-09-12,ファミグリーン小樽,7954
2025-09-13,ファミグリーン小樽,14744
2025-09-14,ファミグリーン小樽,14841
2025-09-15,ファミグリーン小樽,6887
2025-09-16,ファミグリーン小樽,7469
2025-09-17,ファミグリーン小樽,6499
2025-09-18,ファミグリーン小樽,6693
2025-09-19,ファミグリーン小樽,9506
2025-09-20,ファミグリーン小樽,14647
2025-09-21,ファミグリーン小樽,9700
2025-09-22,ファミグリーン小樽,7857
2025-09-23,ファミグリーン小樽,5820
2025-09-24,ファミグリーン小樽,5820
2025-09-25,ファミグリーン小樽,5820
2025-09-26,ファミグリーン小樽,8924
2025-09-27,ファミグリーン小樽,14259
2025-09-28,ファミグリーン小樽,5917
2025-09-29,ファミグリーン小樽,5917
2025-09-30,ファミグリーン小樽,5820
2025-10-01,ファミグリーン小樽,5820
2025-10-02,ファミグリーン小樽,5820
2025-10-03,ファミグリーン小樽,8245
2025-10-04,ファミグリーン小樽,8924
2025-10-05,ファミグリーン小樽,6305
2025-10-06,ファミグリーン小樽,7760
2025-10-07,ファミグリーン小樽,8536
2025-10-08,ファミグリーン小樽,6208
2025-10-09,ファミグリーン小樽,6014
2025-10-10,ファミグリーン小樽,6984
2025-10-11,ファミグリーン小樽,16975
2025-10-12,ファミグリーン小樽,12222
2025-10-13,ファミグリーン小樽,8924
2025-10-14,ファミグリーン小樽,5820
2025-10-15,ファミグリーン小樽,5820
2025-10-16,ファミグリーン小樽,6208
2025-10-17,ファミグリーン小樽,7372
2025-10-18,ファミグリーン小樽,17169
2025-10-19,ファミグリーン小樽,6014
2025-10-20,ファミグリーン小樽,6014
2025-10-21,ファミグリーン小樽,5820
2025-10-22,ファミグリーン小樽,6305
2025-10-23,ファミグリーン小樽,6305
2025-10-24,ファミグリーン小樽,10961
2025-10-25,ファミグリーン小樽,14647
2025-10-26,ファミグリーン小樽,6014
2025-10-27,ファミグリーン小樽,6014
2025-10-28,ファミグリーン小樽,6402
2025-10-29,ファミグリーン小樽,5820
2025-10-30,ファミグリーン小樽,5820
2025-10-31,ファミグリーン小樽,7372
2025-11-01,ファミグリーン小樽,12804
2025-11-02,ファミグリーン小樽,11349
2025-11-03,ファミグリーン小樽,5820
2025-11-04,ファミグリーン小樽,5820
2025-11-05,ファミグリーン小樽,5820
2025-11-06,ファミグリーン小樽,5820
2025-11-07,ファミグリーン小樽,5820
2025-11-08,ファミグリーン小樽,7372
2025-11-09,ファミグリーン小樽,5820
2025-11-10,ファミグリーン小樽,5820
2025-11-11,ファミグリーン小樽,5820
2025-11-12,ファミグリーン小樽,5820
2025-11-13,ファミグリーン小樽,5820
2025-11-14,ファミグリーン小樽,6014
2025-11-15,ファミグリーン小樽,10767
2025-11-16,ファミグリーン小樽,6208
2025-11-17,ファミグリーン小樽,5820
2025-11-18,ファミグリーン小樽,5820
2025-11-19,ファミグリーン小樽,6402
2025-05-24,ホテルノルド,15650
2025-05-25,ホテルノルド,10500
2025-05-26,ホテルノルド,10400
2025-05-27,ホテルノルド,10400
2025-05-28,ホテルノルド,10400
2025-05-29,ホテルノルド,10400
2025-05-30,ホテルノルド,11550
2025-05-31,ホテルノルド,17330
2025-06-01,ホテルノルド,13340
2025-06-02,ホテルノルド,12080
2025-06-03,ホテルノルド,13340
2025-06-04,ホテルノルド,12080
2025-06-05,ホテルノルド,13860
2025-06-06,ホテルノルド,16800
2025-06-07,ホテルノルド,22580
2025-06-08,ホテルノルド,17960
2025-06-09,ホテルノルド,13860
2025-06-10,ホテルノルド,13860
2025-06-11,ホテルノルド,17330
2025-06-12,ホテルノルド,15020
2025-06-13,ホテルノルド,20790
2025-06-14,ホテルノルド,25410
2025-06-15,ホテルノルド,17330
2025-06-16,ホテルノルド,
2025-06-17,ホテルノルド,16800
2025-06-18,ホテルノルド,16800
2025-06-19,ホテルノルド,23940
2025-06-20,ホテルノルド,27720
2025-06-21,ホテルノルド,28880
2025-06-22,ホテルノルド,15750
2025-06-23,ホテルノルド,15750
2025-06-24,ホテルノルド,17330
2025-06-25,ホテルノルド,18380
2025-06-26,ホテルノルド,19110
2025-06-27,ホテルノルド,27720
2025-06-28,ホテルノルド,24260
2025-06-29,ホテルノルド,15230
2025-06-30,ホテルノルド,15750
2025-07-01,ホテルノルド,18480
2025-07-02,ホテルノルド,22580
2025-07-03,ホテルノルド,23100
2025-07-04,ホテルノルド,28880
2025-07-05,ホテルノルド,29110
2025-07-06,ホテルノルド,23820
2025-07-07,ホテルノルド,18440
2025-07-08,ホテルノルド,19760
2025-07-09,ホテルノルド,17960
2025-07-10,ホテルノルド,20790
2025-07-11,ホテルノルド,23630
2025-07-12,ホテルノルド,24570
2025-07-13,ホテルノルド,22870
2025-07-14,ホテルノルド,18440
2025-07-15,ホテルノルド,18440
2025-07-16,ホテルノルド,18440
2025-07-17,ホテルノルド,19280
2025-07-18,ホテルノルド,26000
2025-07-19,ホテルノルド,34020
2025-07-20,ホテルノルド,30240
2025-07-21,ホテルノルド,19850
2025-07-22,ホテルノルド,18440
2025-07-23,ホテルノルド,18440
2025-07-24,ホテルノルド,17490
2025-07-25,ホテルノルド,29300
2025-07-26,ホテルノルド,33080
2025-07-27,ホテルノルド,35910
2025-07-28,ホテルノルド,20790
2025-07-29,ホテルノルド,20790
2025-07-30,ホテルノルド,18900
2025-07-31,ホテルノルド,19850
2025-08-01,ホテルノルド,25520
2025-08-02,ホテルノルド,28350
2025-08-03,ホテルノルド,18900
2025-08-04,ホテルノルド,19850
2025-08-05,ホテルノルド,20790
2025-08-06,ホテルノルド,20790
2025-08-07,ホテルノルド,21740
2025-08-08,ホテルノルド,24570
2025-08-09,ホテルノルド,33080
2025-08-10,ホテルノルド,33080
2025-08-11,ホテルノルド,33080
2025-08-12,ホテルノルド,32130
2025-08-13,ホテルノルド,32130
2025-08-14,ホテルノルド,32130
2025-08-15,ホテルノルド,28350
2025-08-16,ホテルノルド,24570
2025-08-17,ホテルノルド,26000
2025-08-18,ホテルノルド,20790
2025-08-19,ホテルノルド,18440
2025-08-20,ホテルノルド,19850
2025-08-21,ホテルノルド,19850
2025-08-22,ホテルノルド,21740
2025-08-23,ホテルノルド,26460
2025-08-24,ホテルノルド,18440
2025-08-25,ホテルノルド,17960
2025-08-26,ホテルノルド,17960
2025-08-27,ホテルノルド,17960
2025-08-28,ホテルノルド,17960
2025-08-29,ホテルノルド,18900
2025-08-30,ホテルノルド,26460
2025-08-31,ホテルノルド,15600
2025-09-01,ホテルノルド,15120
2025-09-02,ホテルノルド,15120
2025-09-03,ホテルノルド,15120
2025-09-04,ホテルノルド,15120
2025-09-05,ホテルノルド,18900
2025-09-06,ホテルノルド,23630
2025-09-07,ホテルノルド,17200
2025-09-08,ホテルノルド,15120
2025-09-09,ホテルノルド,16640
2025-09-10,ホテルノルド,15120
2025-09-11,ホテルノルド,15120
2025-09-12,ホテルノルド,19850
2025-09-13,ホテルノルド,25520
2025-09-14,ホテルノルド,24570
2025-09-15,ホテルノルド,14660
2025-09-16,ホテルノルド,14180
2025-09-17,ホテルノルド,14180
2025-09-18,ホテルノルド,14180
2025-09-19,ホテルノルド,18900
2025-09-20,ホテルノルド,23630
2025-09-21,ホテルノルド,17010
2025-09-22,ホテルノルド,16070
2025-09-23,ホテルノルド,14180
2025-09-24,ホテルノルド,14180
2025-09-25,ホテルノルド,14180
2025-09-26,ホテルノルド,17010
2025-09-27,ホテルノルド,20790
2025-09-28,ホテルノルド,13710
2025-09-29,ホテルノルド,13710
2025-09-30,ホテルノルド,13710
2025-10-01,ホテルノルド,13710
2025-10-02,ホテルノルド,14180
2025-10-03,ホテルノルド,15120
2025-10-04,ホテルノルド,19850
2025-10-05,ホテルノルド,12770
2025-10-06,ホテルノルド,12770
2025-10-07,ホテルノルド,12770
2025-10-08,ホテルノルド,12770
2025-10-09,ホテルノルド,14180
2025-10-10,ホテルノルド,17010
2025-10-11,ホテルノルド,26000
2025-10-12,ホテルノルド,21740
2025-10-13,ホテルノルド,14090
2025-10-14,ホテルノルド,12290
2025-10-15,ホテルノルド,12290
2025-10-16,ホテルノルド,12290
2025-10-17,ホテルノルド,14660
2025-10-18,ホテルノルド,18440
2025-10-19,ホテルノルド,12290
2025-10-20,ホテルノルド,12290
2025-10-21,ホテルノルド,12290
2025-10-22,ホテルノルド,14090
2025-10-23,ホテルノルド,15600
2025-10-24,ホテルノルド,15120
2025-10-25,ホテルノルド,20790
2025-10-26,ホテルノルド,12290
2025-10-27,ホテルノルド,12290
2025-10-28,ホテルノルド,12290
2025-10-29,ホテルノルド,12290
2025-10-30,ホテルノルド,12290
2025-10-31,ホテルノルド,13710
2025-11-01,ホテルノルド,19850
2025-11-02,ホテルノルド,18900
2025-11-03,ホテルノルド,10400
2025-11-04,ホテルノルド,10400
2025-11-05,ホテルノルド,10400
2025-11-06,ホテルノルド,10400
2025-11-07,ホテルノルド,12290
2025-11-08,ホテルノルド,16550
2025-11-09,ホテルノルド,10400
2025-11-10,ホテルノルド,10400
2025-11-11,ホテルノルド,10400
2025-11-12,ホテルノルド,10400
2025-11-13,ホテルノルド,10400
2025-11-14,ホテルノルド,12290
2025-11-15,ホテルノルド,15600
2025-11-16,ホテルノルド,10400
2025-11-17,ホテルノルド,10400
2025-11-18,ホテルノルド,10400
2025-11-19,ホテルノルド,10400
